{
    "metrics": {
        "http_req_connecting": {
            "avg": 0.30625860000000005,
            "min": 0,
            "med": 0,
            "max": 6.381522,
            "p(90)": 0.28309460000000003,
            "p(95)": 0.4447709999999995
        },
        "http_req_receiving": {
            "max": 0.424556,
            "p(90)": 0.2793462000000001,
            "p(95)": 0.3409569999999999,
            "avg": 0.11774548000000001,
            "min": 0.014952,
            "med": 0.068956
        },
        "vus_max": {
            "min": 5,
            "max": 5,
            "value": 5
        },
        "http_req_tls_handshaking": {
            "avg": 0,
            "min": 0,
            "med": 0,
            "max": 0,
            "p(90)": 0,
            "p(95)": 0
        },
        "http_req_sending": {
            "p(95)": 0.14516539999999983,
            "avg": 0.030855240000000003,
            "min": 0.002571,
            "med": 0.008822,
            "max": 0.173941,
            "p(90)": 0.09011580000000002
        },
        "http_req_waiting": {
            "min": 0.238279,
            "med": 1.093537,
            "max": 5.704902,
            "p(90)": 5.3052984,
            "p(95)": 5.4039535999999995,
            "avg": 1.6904795599999993
        },
        "vus": {
            "max": 5,
            "value": 5,
            "min": 5
        },
        "http_req_duration": {
            "avg": 1.8390802799999997,
            "min": 0.31252,
            "med": 1.212179,
            "max": 5.915881,
            "p(90)": 5.6821536,
            "p(95)": 5.7867416,
            "thresholds": {
                "p(95)<200": false
            }
        },
        "http_req_failed": {
            "passes": 0,
            "fails": 25,
            "value": 0
        },
        "data_received": {
            "count": 28350,
            "rate": 5653.172661107935
        },
        "http_req_duration{expected_response:true}": {
            "avg": 1.8390802799999997,
            "min": 0.31252,
            "med": 1.212179,
            "max": 5.915881,
            "p(90)": 5.6821536,
            "p(95)": 5.7867416
        },
        "checks": {
            "passes": 25,
            "fails": 0,
            "value": 1
        },
        "iteration_duration": {
            "p(95)": 1007.3070652,
            "avg": 1002.8748375199998,
            "min": 1000.502533,
            "med": 1002.015127,
            "max": 1008.162803,
            "p(90)": 1007.2803808
        },
        "iterations": {
            "count": 25,
            "rate": 4.985161076814757
        },
        "http_req_blocked": {
            "med": 0.003274,
            "max": 6.613476,
            "p(90)": 0.4466352,
            "p(95)": 0.6143167999999994,
            "avg": 0.3437874400000001,
            "min": 0.001122
        },
        "http_reqs": {
            "rate": 4.985161076814757,
            "count": 25
        },
        "data_sent": {
            "count": 1750,
            "rate": 348.961275377033
        }
    },
    "root_group": {
        "id": "d41d8cd98f00b204e9800998ecf8427e",
        "groups": {},
        "checks": {
                "Status is 200": {
                    "path": "::Status is 200",
                    "id": "887b5211c579c0c925c267b35b5af7da",
                    "passes": 25,
                    "fails": 0,
                    "name": "Status is 200"
                }
            },
        "name": "",
        "path": ""
    }
}