{
    "metrics": {
        "http_req_duration": {
            "max": 135.199871,
            "p(90)": 133.99617980000002,
            "p(95)": 135.0416534,
            "avg": 97.66698187999998,
            "min": 64.656957,
            "med": 91.135842,
            "thresholds": {
                "p(95)<200": false
            }
        },
        "iterations": {
            "count": 25,
            "rate": 4.519997799505967
        },
        "http_reqs": {
            "count": 25,
            "rate": 4.519997799505967
        },
        "http_req_blocked": {
            "avg": 0.23846704000000002,
            "min": 0.003144,
            "med": 0.00723,
            "max": 1.270434,
            "p(90)": 1.1532966,
            "p(95)": 1.1826662
        },
        "http_req_sending": {
            "p(90)": 0.08172940000000001,
            "p(95)": 0.09061979999999999,
            "avg": 0.03260387999999999,
            "min": 0.005101,
            "med": 0.018012,
            "max": 0.169487
        },
        "data_received": {
            "count": 7575,
            "rate": 1369.559333250308
        },
        "vus": {
            "value": 5,
            "min": 5,
            "max": 5
        },
        "http_req_connecting": {
            "min": 0,
            "med": 0,
            "max": 0.550826,
            "p(90)": 0.4114746000000001,
            "p(95)": 0.46085019999999993,
            "avg": 0.08723816
        },
        "checks": {
            "passes": 25,
            "fails": 0,
            "value": 1
        },
        "vus_max": {
            "value": 5,
            "min": 5,
            "max": 5
        },
        "data_sent": {
            "count": 2100,
            "rate": 379.67981515850124
        },
        "http_req_duration{expected_response:true}": {
            "max": 135.199871,
            "p(90)": 133.99617980000002,
            "p(95)": 135.0416534,
            "avg": 97.66698187999998,
            "min": 64.656957,
            "med": 91.135842
        },
        "http_req_waiting": {
            "avg": 97.35649496000002,
            "min": 64.546354,
            "med": 91.000602,
            "max": 135.01227,
            "p(90)": 133.5438042,
            "p(95)": 134.7255558
        },
        "http_req_failed": {
            "passes": 0,
            "fails": 25,
            "value": 0
        },
        "iteration_duration": {
            "max": 1137.153507,
            "p(90)": 1136.3263752,
            "p(95)": 1137.0176436000002,
            "avg": 1098.62361176,
            "min": 1065.351733,
            "med": 1091.513199
        },
        "http_req_tls_handshaking": {
            "avg": 0,
            "min": 0,
            "med": 0,
            "max": 0,
            "p(90)": 0,
            "p(95)": 0
        },
        "http_req_receiving": {
            "min": 0.069957,
            "med": 0.155378,
            "max": 1.595152,
            "p(90)": 0.48336800000000035,
            "p(95)": 1.0323131999999984,
            "avg": 0.27788304
        }
    },
    "root_group": {
        "path": "",
        "id": "d41d8cd98f00b204e9800998ecf8427e",
        "groups": {},
        "checks": {
                "Status is 200": {
                    "path": "::Status is 200",
                    "id": "887b5211c579c0c925c267b35b5af7da",
                    "passes": 25,
                    "fails": 0,
                    "name": "Status is 200"
                }
            },
        "name": ""
    }
}