{
    "metrics": {
        "http_req_blocked": {
            "p(90)": 0.0069110000000000005,
            "p(95)": 0.6239400999999997,
            "avg": 0.053797493333333314,
            "min": 0.000473,
            "med": 0.002673,
            "max": 0.989274
        },
        "iterations": {
            "count": 25,
            "rate": 4.5662032051143955
        },
        "iteration_duration": {
            "min": 1091.46161,
            "med": 1094.587341,
            "max": 1098.438318,
            "p(90)": 1096.4283699999999,
            "p(95)": 1097.631378,
            "avg": 1094.2795205999996
        },
        "http_reqs": {
            "count": 75,
            "rate": 13.698609615343186
        },
        "http_req_failed": {
            "fails": 75,
            "passes": 0,
            "value": 0
        },
        "vus": {
            "value": 5,
            "min": 5,
            "max": 5
        },
        "data_sent": {
            "count": 5750,
            "rate": 1050.226737176311
        },
        "data_received": {
            "count": 13800,
            "rate": 2520.544169223146
        },
        "http_req_duration": {
            "avg": 30.983070493333337,
            "min": 2.619627,
            "med": 43.820305,
            "max": 47.724574,
            "p(90)": 44.8059686,
            "p(95)": 45.043619299999996,
            "thresholds": {
                "p(95)<200": false
            }
        },
        "http_req_sending": {
            "max": 1.033451,
            "p(90)": 0.018954600000000002,
            "p(95)": 0.056550799999999984,
            "avg": 0.027703999999999993,
            "min": 0.001855,
            "med": 0.007887
        },
        "vus_max": {
            "value": 5,
            "min": 5,
            "max": 5
        },
        "http_req_duration{expected_response:true}": {
            "p(95)": 45.043619299999996,
            "avg": 30.983070493333337,
            "min": 2.619627,
            "med": 43.820305,
            "max": 47.724574,
            "p(90)": 44.8059686
        },
        "http_req_receiving": {
            "min": 0.100847,
            "med": 40.904808,
            "max": 44.009204,
            "p(90)": 42.794346,
            "p(95)": 43.2772442,
            "avg": 27.831827946666667
        },
        "http_req_connecting": {
            "avg": 0.02222348,
            "min": 0,
            "med": 0,
            "max": 0.658436,
            "p(90)": 0,
            "p(95)": 0.20000739999999978
        },
        "http_req_tls_handshaking": {
            "min": 0,
            "med": 0,
            "max": 0,
            "p(90)": 0,
            "p(95)": 0,
            "avg": 0
        },
        "checks": {
            "fails": 0,
            "passes": 75,
            "value": 1
        },
        "http_req_waiting": {
            "avg": 3.123538546666666,
            "min": 0.688236,
            "med": 3.01256,
            "max": 5.977668,
            "p(90)": 4.7140994,
            "p(95)": 5.519369999999999
        }
    },
    "root_group": {
        "name": "",
        "path": "",
        "id": "d41d8cd98f00b204e9800998ecf8427e",
        "groups": {},
        "checks": {
                "Login API Status 200": {
                    "passes": 25,
                    "fails": 0,
                    "name": "Login API Status 200",
                    "path": "::Login API Status 200",
                    "id": "31447800b51f2e1268ceef5a2edd3a54"
                },
                "Product API Status 200": {
                    "id": "bdfb1d8053021dc528bba8c35cb1682a",
                    "passes": 25,
                    "fails": 0,
                    "name": "Product API Status 200",
                    "path": "::Product API Status 200"
                },
                "Payment API Status 200": {
                    "id": "4ef34741beff22e46a12d2fc5a78f5d8",
                    "passes": 25,
                    "fails": 0,
                    "name": "Payment API Status 200",
                    "path": "::Payment API Status 200"
                }
            }
    }
}