{
    "metrics": {
        "http_req_duration{expected_response:true}": {
            "max": 33.197632,
            "p(90)": 1.108620100000001,
            "p(95)": 1.5022027000000007,
            "avg": 0.7240140923994043,
            "min": 0.204476,
            "med": 0.5657179999999999
        },
        "data_sent": {
            "count": 93940,
            "rate": 712.2624443564953
        },
        "data_received": {
            "count": 1521828,
            "rate": 11538.651598575225
        },
        "iterations": {
            "rate": 10.175177776521362,
            "count": 1342
        },
        "http_req_failed": {
            "passes": 0,
            "fails": 1342,
            "thresholds": {
                "rate<0.01": false
            },
            "value": 0
        },
        "http_reqs": {
            "count": 1342,
            "rate": 10.175177776521362
        },
        "vus_max": {
            "value": 20,
            "min": 20,
            "max": 20
        },
        "iteration_duration": {
            "avg": 1001.460761412815,
            "min": 1000.375503,
            "med": 1001.3192105,
            "max": 1034.583095,
            "p(90)": 1001.9412864999999,
            "p(95)": 1002.2355944999999
        },
        "http_req_blocked": {
            "avg": 0.02939604694485843,
            "min": 0.000979,
            "med": 0.004685,
            "max": 10.819782,
            "p(90)": 0.007636600000000004,
            "p(95)": 0.009547450000000002
        },
        "checks": {
            "passes": 1342,
            "fails": 0,
            "value": 1
        },
        "http_req_connecting": {
            "max": 10.690051,
            "p(90)": 0,
            "p(95)": 0,
            "avg": 0.02218854992548435,
            "min": 0,
            "med": 0
        },
        "http_req_tls_handshaking": {
            "avg": 0,
            "min": 0,
            "med": 0,
            "max": 0,
            "p(90)": 0,
            "p(95)": 0
        },
        "http_req_waiting": {
            "p(95)": 1.4171254000000004,
            "avg": 0.6292951229508194,
            "min": 0.161172,
            "med": 0.470198,
            "max": 33.087947,
            "p(90)": 1.0021258000000004
        },
        "http_req_receiving": {
            "avg": 0.0761811833084948,
            "min": 0.005715,
            "med": 0.060041,
            "max": 1.279648,
            "p(90)": 0.13786210000000007,
            "p(95)": 0.17852110000000004
        },
        "http_req_sending": {
            "p(95)": 0.05015670000000004,
            "avg": 0.01853778614008941,
            "min": 0.002348,
            "med": 0.013926,
            "max": 0.673957,
            "p(90)": 0.025714300000000006
        },
        "vus": {
            "value": 1,
            "min": 1,
            "max": 20
        },
        "http_req_duration": {
            "avg": 0.7240140923994043,
            "min": 0.204476,
            "med": 0.5657179999999999,
            "max": 33.197632,
            "p(90)": 1.108620100000001,
            "p(95)": 1.5022027000000007,
            "thresholds": {
                "p(95)<300": false
            }
        }
    },
    "root_group": {
        "name": "",
        "path": "",
        "id": "d41d8cd98f00b204e9800998ecf8427e",
        "groups": {},
        "checks": {
                "Status is 200": {
                    "name": "Status is 200",
                    "path": "::Status is 200",
                    "id": "887b5211c579c0c925c267b35b5af7da",
                    "passes": 1342,
                    "fails": 0
                }
            }
    }
}