{
    "root_group": {
        "path": "",
        "id": "d41d8cd98f00b204e9800998ecf8427e",
        "groups": {},
        "checks": {
                "Login API Status 200": {
                    "name": "Login API Status 200",
                    "path": "::Login API Status 200",
                    "id": "31447800b51f2e1268ceef5a2edd3a54",
                    "passes": 1235,
                    "fails": 0
                },
                "Product API Status 200": {
                    "id": "bdfb1d8053021dc528bba8c35cb1682a",
                    "passes": 1235,
                    "fails": 0,
                    "name": "Product API Status 200",
                    "path": "::Product API Status 200"
                },
                "Payment API Status 200": {
                    "fails": 0,
                    "name": "Payment API Status 200",
                    "path": "::Payment API Status 200",
                    "id": "4ef34741beff22e46a12d2fc5a78f5d8",
                    "passes": 1235
                }
            },
        "name": ""
    },
    "metrics": {
        "http_reqs": {
            "rate": 28.098157780103662,
            "count": 3705
        },
        "http_req_sending": {
            "p(90)": 0.0235402,
            "p(95)": 0.029901599999999973,
            "avg": 0.015171344669365712,
            "min": 0.001325,
            "med": 0.010364,
            "max": 5.101704
        },
        "vus_max": {
            "min": 20,
            "max": 20,
            "value": 20
        },
        "data_received": {
            "count": 681720,
            "rate": 5170.061031539074
        },
        "http_req_blocked": {
            "avg": 0.006919063697705804,
            "min": 0.000434,
            "med": 0.003131,
            "max": 2.282118,
            "p(90)": 0.005667799999999999,
            "p(95)": 0.006869399999999998
        },
        "http_req_connecting": {
            "p(95)": 0,
            "avg": 0.0022035152496626183,
            "min": 0,
            "med": 0,
            "max": 2.181926,
            "p(90)": 0
        },
        "http_req_duration{expected_response:true}": {
            "avg": 35.29469991983805,
            "min": 0.480409,
            "med": 42.318251,
            "max": 2972.605685,
            "p(90)": 45.0192486,
            "p(95)": 47.48078259999999
        },
        "http_req_receiving": {
            "min": 0.008976,
            "med": 41.45315,
            "max": 2971.559257,
            "p(90)": 43.505245,
            "p(95)": 45.368150799999995,
            "avg": 33.89109880000005
        },
        "http_req_failed": {
            "passes": 0,
            "fails": 3705,
            "thresholds": {
                "rate<0.01": false
            },
            "value": 0
        },
        "vus": {
            "value": 1,
            "min": 1,
            "max": 20
        },
        "http_req_tls_handshaking": {
            "avg": 0,
            "min": 0,
            "med": 0,
            "max": 0,
            "p(90)": 0,
            "p(95)": 0
        },
        "http_req_waiting": {
            "p(90)": 2.4145272,
            "p(95)": 2.9923116,
            "avg": 1.388429775168691,
            "min": 0.37604,
            "med": 1.111873,
            "max": 27.27213
        },
        "checks": {
            "passes": 3705,
            "fails": 0,
            "value": 1
        },
        "iterations": {
            "count": 1235,
            "rate": 9.366052593367888
        },
        "data_sent": {
            "rate": 2154.192096474614,
            "count": 284050
        },
        "iteration_duration": {
            "p(95)": 1096.2611981,
            "avg": 1090.218494553036,
            "min": 1086.63734,
            "med": 1088.497497,
            "max": 1120.114349,
            "p(90)": 1093.118732
        },
        "http_req_duration": {
            "avg": 35.29469991983805,
            "min": 0.480409,
            "med": 42.318251,
            "max": 2972.605685,
            "p(90)": 45.0192486,
            "p(95)": 47.48078259999999,
            "thresholds": {
                "p(95)<300": false
            }
        }
    }
}