{
    "metrics": {
        "iteration_duration": {
            "avg": 1004.8469046841311,
            "min": 1001.21492,
            "med": 1003.964575,
            "max": 1045.64847,
            "p(90)": 1008.616266,
            "p(95)": 1011.0171915
        },
        "http_req_tls_handshaking": {
            "p(95)": 0,
            "avg": 0,
            "min": 0,
            "med": 0,
            "max": 0,
            "p(90)": 0
        },
        "http_req_sending": {
            "p(90)": 0.0517075,
            "p(95)": 0.07198399999999999,
            "avg": 0.029945740269461077,
            "min": 0.002408,
            "med": 0.020163,
            "max": 1.189111
        },
        "http_req_waiting": {
            "p(95)": 9.320427,
            "avg": 3.7049285531437057,
            "min": 0.918907,
            "med": 2.862679,
            "max": 35.018368,
            "p(90)": 7.044903
        },
        "checks": {
            "passes": 1336,
            "fails": 0,
            "value": 1
        },
        "vus_max": {
            "max": 20,
            "value": 20,
            "min": 20
        },
        "data_received": {
            "count": 307280,
            "rate": 2322.3272420343874
        },
        "http_req_duration{expected_response:true}": {
            "avg": 3.90387871107785,
            "min": 0.973076,
            "med": 3.0069,
            "max": 35.196486,
            "p(90)": 7.261292,
            "p(95)": 9.771866
        },
        "http_reqs": {
            "count": 1336,
            "rate": 10.097074965366902
        },
        "http_req_blocked": {
            "max": 35.35125,
            "p(90)": 0.010557500000000001,
            "p(95)": 0.01392975,
            "avg": 0.07749710553892204,
            "min": 0.000965,
            "med": 0.006661
        },
        "http_req_receiving": {
            "avg": 0.16900441766467056,
            "min": 0.005875,
            "med": 0.100628,
            "max": 3.584131,
            "p(90)": 0.3351305,
            "p(95)": 0.53461625
        },
        "iterations": {
            "count": 1336,
            "rate": 10.097074965366902
        },
        "http_req_failed": {
            "passes": 0,
            "fails": 1336,
            "thresholds": {
                "rate<0.01": false
            },
            "value": 0
        },
        "vus": {
            "value": 1,
            "min": 1,
            "max": 20
        },
        "data_sent": {
            "count": 118904,
            "rate": 898.6396719176544
        },
        "http_req_duration": {
            "max": 35.196486,
            "p(90)": 7.261292,
            "p(95)": 9.771866,
            "avg": 3.90387871107785,
            "min": 0.973076,
            "med": 3.0069,
            "thresholds": {
                "p(95)<300": false
            }
        },
        "http_req_connecting": {
            "avg": 0.06714971032934133,
            "min": 0,
            "med": 0,
            "max": 35.169892,
            "p(90)": 0,
            "p(95)": 0
        }
    },
    "root_group": {
        "path": "",
        "id": "d41d8cd98f00b204e9800998ecf8427e",
        "groups": {},
        "checks": {
                "Status is 200": {
                    "name": "Status is 200",
                    "path": "::Status is 200",
                    "id": "887b5211c579c0c925c267b35b5af7da",
                    "passes": 1336,
                    "fails": 0
                }
            },
        "name": ""
    }
}