{
    "root_group": {
        "groups": {},
        "checks": {
                "Login API is reachable": {
                    "fails": 0,
                    "name": "Login API is reachable",
                    "path": "::Login API is reachable",
                    "id": "f9daa9886650c69a1c71134d065a6489",
                    "passes": 1
                },
                "Product API is reachable": {
                    "path": "::Product API is reachable",
                    "id": "9e29fad10438fc08e3e936c17782134d",
                    "passes": 1,
                    "fails": 0,
                    "name": "Product API is reachable"
                },
                "Payment API is reachable": {
                    "name": "Payment API is reachable",
                    "path": "::Payment API is reachable",
                    "id": "b15f8ae8f44e92396aea8ce66c2883b7",
                    "passes": 1,
                    "fails": 0
                }
            },
        "name": "",
        "path": "",
        "id": "d41d8cd98f00b204e9800998ecf8427e"
    },
    "metrics": {
        "iterations": {
            "count": 1,
            "rate": 0.9116023678131282
        },
        "http_reqs": {
            "count": 3,
            "rate": 2.7348071034393846
        },
        "http_req_blocked": {
            "max": 2.356954,
            "p(90)": 1.8862698,
            "p(95)": 2.1216119,
            "avg": 0.787813,
            "min": 0.002952,
            "med": 0.003533
        },
        "http_req_waiting": {
            "max": 2.185121,
            "p(90)": 1.9707324000000002,
            "p(95)": 2.0779267,
            "avg": 1.3381746666666665,
            "min": 0.716225,
            "med": 1.113178
        },
        "vus_max": {
            "value": 1,
            "min": 1,
            "max": 1
        },
        "iteration_duration": {
            "p(95)": 1096.437523,
            "avg": 1096.437523,
            "min": 1096.437523,
            "med": 1096.437523,
            "max": 1096.437523,
            "p(90)": 1096.437523
        },
        "http_req_receiving": {
            "avg": 28.35557866666667,
            "min": 0.239645,
            "med": 41.872939,
            "max": 42.954152,
            "p(90)": 42.7379094,
            "p(95)": 42.8460307
        },
        "data_sent": {
            "count": 230,
            "rate": 209.6685445970195
        },
        "vus": {
            "value": 1,
            "min": 1,
            "max": 1
        },
        "http_req_sending": {
            "max": 0.429341,
            "p(90)": 0.3457366,
            "p(95)": 0.38753879999999996,
            "avg": 0.14965433333333333,
            "min": 0.008303,
            "med": 0.011319
        },
        "http_req_failed": {
            "passes": 0,
            "fails": 3,
            "value": 0
        },
        "http_req_connecting": {
            "avg": 0.39313899999999996,
            "min": 0,
            "med": 0,
            "max": 1.179417,
            "p(90)": 0.9435336,
            "p(95)": 1.0614753
        },
        "checks": {
            "passes": 3,
            "fails": 0,
            "value": 1
        },
        "http_req_duration": {
            "max": 44.078649,
            "p(90)": 43.7824126,
            "p(95)": 43.9305308,
            "avg": 29.843407666666668,
            "min": 2.854107,
            "med": 42.597467
        },
        "http_req_duration{expected_response:true}": {
            "avg": 29.843407666666668,
            "min": 2.854107,
            "med": 42.597467,
            "max": 44.078649,
            "p(90)": 43.7824126,
            "p(95)": 43.9305308
        },
        "data_received": {
            "count": 552,
            "rate": 503.2045070328468
        },
        "http_req_tls_handshaking": {
            "avg": 0,
            "min": 0,
            "med": 0,
            "max": 0,
            "p(90)": 0,
            "p(95)": 0
        }
    }
}