{
    "root_group": {
        "path": "",
        "id": "d41d8cd98f00b204e9800998ecf8427e",
        "groups": {},
        "checks": {
                "Status is 200": {
                    "name": "Status is 200",
                    "path": "::Status is 200",
                    "id": "887b5211c579c0c925c267b35b5af7da",
                    "passes": 1,
                    "fails": 0
                }
            },
        "name": ""
    },
    "metrics": {
        "data_received": {
            "count": 145,
            "rate": 36.97301640340078
        },
        "iterations": {
            "count": 1,
            "rate": 0.2549863200234536
        },
        "checks": {
            "fails": 0,
            "passes": 1,
            "value": 1
        },
        "http_req_connecting": {
            "avg": 0.529042,
            "min": 0.529042,
            "med": 0.529042,
            "max": 0.529042,
            "p(90)": 0.529042,
            "p(95)": 0.529042
        },
        "data_sent": {
            "count": 76,
            "rate": 19.378960321782476
        },
        "vus_max": {
            "max": 1,
            "value": 1,
            "min": 1
        },
        "http_req_duration{expected_response:true}": {
            "min": 6.351672,
            "med": 6.351672,
            "max": 6.351672,
            "p(90)": 6.351672,
            "p(95)": 6.351672,
            "avg": 6.351672
        },
        "http_req_blocked": {
            "avg": 1.017342,
            "min": 1.017342,
            "med": 1.017342,
            "max": 1.017342,
            "p(90)": 1.017342,
            "p(95)": 1.017342
        },
        "vus": {
            "value": 1,
            "min": 1,
            "max": 1
        },
        "iteration_duration": {
            "avg": 1008.744226,
            "min": 1008.744226,
            "med": 1008.744226,
            "max": 1008.744226,
            "p(90)": 1008.744226,
            "p(95)": 1008.744226
        },
        "http_reqs": {
            "count": 1,
            "rate": 0.2549863200234536
        },
        "http_req_failed": {
            "passes": 0,
            "fails": 1,
            "value": 0
        },
        "http_req_receiving": {
            "p(95)": 0.311831,
            "avg": 0.311831,
            "min": 0.311831,
            "med": 0.311831,
            "max": 0.311831,
            "p(90)": 0.311831
        },
        "http_req_duration": {
            "max": 6.351672,
            "p(90)": 6.351672,
            "p(95)": 6.351672,
            "avg": 6.351672,
            "min": 6.351672,
            "med": 6.351672
        },
        "http_req_tls_handshaking": {
            "avg": 0,
            "min": 0,
            "med": 0,
            "max": 0,
            "p(90)": 0,
            "p(95)": 0
        },
        "http_req_sending": {
            "avg": 0.321559,
            "min": 0.321559,
            "med": 0.321559,
            "max": 0.321559,
            "p(90)": 0.321559,
            "p(95)": 0.321559
        },
        "http_req_waiting": {
            "p(95)": 5.718282,
            "avg": 5.718282,
            "min": 5.718282,
            "med": 5.718282,
            "max": 5.718282,
            "p(90)": 5.718282
        }
    }
}